Top queries,Clicks,Impressions,CTR,Position
darnell williams ada,5,7,71.43%,5
darnell williams ada compliance,1,9,11.11%,7.33
wcag pagination example,1,1,100%,4
understanding success criterion 3.3.3 error suggestion w3c,0,210,0%,8.95
wcag 2.2 error identification 3.3.1,0,160,0%,8.91
understanding success criterion 2.5.8 target size (minimum) w3c,0,115,0%,9.1
wcag 2.2 error identification 3.3.1 w3c,0,87,0%,7.82
understanding success criterion 3.3.1 error identification w3c,0,83,0%,9.84
wcag aa checklist,0,75,0%,81.16
wcag 3.3.1 error identification w3c,0,72,0%,8.85
understanding success criterion 1.4.1 use of color w3c,0,53,0%,10.06
wcag 2.2 3.3.1 error identification,0,50,0%,9.08
wcag 2.2 success criterion 3.3.1 error identification,0,47,0%,9.68
wcag 2.2 success criterion 1.4.1 use of color w3c,0,46,0%,9.13
wcag 2.2 3.3.1 error identification w3c,0,41,0%,7.07
wcag 2.2 use of color 1.4.1 w3c,0,40,0%,9.5
w3c wcag error identification 3.3.1,0,40,0%,9.65
wcag checklist,0,40,0%,96.42
understanding success criterion 1.2.2 captions (prerecorded) w3c,0,39,0%,8.46
w3c wcag 3.3.1 error identification,0,38,0%,9.16
wcag 2.2 error identification success criterion,0,37,0%,5.49
understanding success criterion 3.3.1 error identification wcag 2.2,0,35,0%,6.49
wcag error identification 3.3.1 w3c,0,34,0%,9.94
wcag 2.2 checklist,0,34,0%,78.29
wcag 2.2 3.3.1 error identification understanding,0,31,0%,8.32
understanding success criterion 3.2.2 on input w3c,0,29,0%,8.45
wcag compliance tool,0,29,0%,74.1
wcag 2.2 error identification success criterion 3.3.1,0,28,0%,8.11
w3c wcag 2.2 success criterion 1.2.2 captions (prerecorded),0,28,0%,9
understanding success criterion 2.4.3 focus order wcag 2.2,0,27,0%,6.44
w3c wcag 2.2 error identification 3.3.1,0,27,0%,6.52
w3c understanding success criterion 3.3.1 error identification,0,27,0%,9.11
wcag 2.2 focus order guideline,0,25,0%,5.72
wcag 2.2 use of color success criterion 1.4.1 w3c,0,25,0%,7.56
wcag 2.2 focus order 2.4.3 w3c,0,25,0%,8.24
wcag 2.2 success criterion 1.2.2 captions (prerecorded) w3c,0,25,0%,9.56
wcag 2.0 aa checklist,0,25,0%,86.68
wcag 2.2 error identification 3.3.1 understanding,0,23,0%,8.17
webaim wcag checklist,0,23,0%,94.96
wcag 2.2 success criterion 3.3.1 error identification w3c,0,22,0%,6.86
w3c understanding success criterion 3.3.3 error suggestion,0,22,0%,9.5
wcag use of color success criterion 1.4.1 w3c,0,22,0%,9.64
wcag 2.2 success criterion 1.4.1 use of color,0,22,0%,10.55
understanding success criterion 3.3.3 error suggestion,0,20,0%,9.3
wcag 2.2 use of color success criterion 1.4.1,0,20,0%,10.7
wcag 2.2 error identification success criteria,0,19,0%,6.68
wcag 2.2 2.4.3 focus order w3c,0,19,0%,9.16
wcag compliance auditor,0,19,0%,83.32
w3c wcag 2.2 success criterion 3.3.1 error identification,0,18,0%,4.94
wcag 3.3.1 error identification w3c understanding,0,18,0%,8.78
wcag 2.2 dragging movements success criterion,0,18,0%,9.39
wcag testing checklist,0,18,0%,89.89
"understanding success criterion 2.2.2 pause, stop, hide w3c",0,17,0%,9.18
wcag website remediation,0,17,0%,54.82
wcag aaa checklist,0,17,0%,92.24
"w3c understanding success criterion 2.2.2 pause, stop, hide",0,16,0%,8.38
w3c wcag 2.2 success criterion 1.4.1 use of color,0,16,0%,8.75
understanding success criterion 3.2.3 consistent navigation w3c,0,16,0%,9.31
accessibility statement generator,0,16,0%,59.62
w3c wcag 2.2 focus order 2.4.3,0,15,0%,7.47
wcag 2.2 focus appearance w3c,0,15,0%,8.13
understanding success criterion 1.4.1 use of color wcag 2.2,0,15,0%,9
wcag 2.2 error identification,0,14,0%,6.86
w3c understanding success criterion 1.2.2 captions (prerecorded),0,14,0%,8.71
w3c understanding 3.3.1 error identification,0,14,0%,8.93
wcag 2.2 bypass blocks 2.4.1 w3c,0,14,0%,9.86
wcag checker,0,14,0%,85.71
wcag 2.2 error identification forms,0,13,0%,6.15
wcag 2.2 success criterion 2.4.3 focus order w3c,0,13,0%,8.46
understanding success criterion 2.5.8 target size minimum w3c,0,13,0%,9.23
w3c wcag 2.2 use of color 1.4.1,0,13,0%,9.54
w3c wcag 2.2 3.3.1 error identification,0,12,0%,7.83
understanding success criterion 2.4.13 focus appearance w3c,0,12,0%,8.67
wcag website remediation providers,0,12,0%,52.25
web content accessibility guideline audit,0,12,0%,72.33
understanding success criterion 2.4.1 bypass blocks wcag 2.2,0,11,0%,8.27
understanding success criterion 2.4.1 bypass blocks w3c,0,11,0%,10.18
w3c wcag 1.4.1 use of color,0,11,0%,10.73
w3c accessibility checklist,0,11,0%,65.27
"understanding success criterion 1.2.1 audio-only and video-only 
(prerecorded) w3c",0,10,0%,8.1
w3c wcag 2.2 use of color success criterion 1.4.1,0,10,0%,8.5
understanding success criterion 2.4.3 focus order w3c,0,10,0%,9.7
wcag 2.2 success criterion 2.4.1 bypass blocks w3c,0,10,0%,10.2
examples of accessibility,0,10,0%,95
wcag,0,10,0%,99
understanding success criterion 1.4.5 images of text w3c,0,9,0%,8.67
wcag 2.2 focus appearance 2.4.13 w3c understanding,0,9,0%,9
understanding success criterion 3.3.1 error identification,0,9,0%,9.11
wcag 2.2 focus appearance guideline,0,9,0%,9.33
wcag 2.2 1.4.1 use of color w3c,0,9,0%,10.22
wcag 1.4.1,0,9,0%,36.56
wcags,0,9,0%,53.89
web accessibility audit template,0,9,0%,55.11
accessibility example,0,9,0%,81.56
inpainting,0,9,0%,97.44
wcag 2.2 error identification guidance,0,8,0%,4.75
wcag 2.2 focus order success criterion,0,8,0%,7.12
wcag 1.4.5 images of text w3c understanding,0,8,0%,8.88
wcag 2.2 dragging movements w3c,0,8,0%,9.25
wcag skip link technique g1 w3c,0,8,0%,9.38
wcag 2.2 captions prerecorded success criterion 1.2.2 w3c,0,8,0%,9.5
understanding success criterion 1.4.1 use of color wai w3c,0,8,0%,9.75
w3c understanding success criterion 2.4.1 bypass blocks,0,8,0%,10.25
w3c wcag use of color 1.4.1,0,8,0%,10.25
manual wcag testers,0,8,0%,66.75
manual wcag testing,0,8,0%,70
wcag 2.0 accessibility checker,0,8,0%,91.88
wcag 2.2 focus order guidelines,0,7,0%,5
wcag 2.2 success criterion 1.4.1 use of color official w3c,0,7,0%,7.86
w3c wcag 2.2 2.4.3 focus order,0,7,0%,8.57
wcag 2.2 focus order 2.4.3 understanding,0,7,0%,9.14
wcag 2.2 captions 1.2.2,0,7,0%,9.29
w3c wcag use of color success criterion 1.4.1,0,7,0%,9.86
understanding success criterion 3.3.1 error identification wcag,0,7,0%,10.43
wcag 2.2 use of color 1.4.1 understanding,0,7,0%,10.43
w3c understanding 3.3.3 error suggestion,0,7,0%,10.71
wordpress wcag remediation specialists,0,7,0%,30.14
wcag website auditing,0,7,0%,69.57
wcag audit for website,0,7,0%,85.71
wcag compliance checklist,0,7,0%,94.57
wcag 2.0 checker,0,7,0%,98.43
wcag 2.2 keyboard accessibility focus order,0,6,0%,5.83
w3c understanding success criterion 1.4.5 images of text,0,6,0%,7.5
understanding success criterion 1.4.11 non-text contrast wcag 2.2 w3c,0,6,0%,8.67
wcag 2.2 success criterion 1.2.1 audio-only and video-only (prerecorded) w3c,0,6,0%,8.67
w3c understanding success criterion 2.4.3 focus order,0,6,0%,9.33
understanding success criterion 1.4.1 use of color w3c wai,0,6,0%,10
understanding wcag 2.2 focus appearance,0,6,0%,10
w3c understanding success criterion 2.5.8 target size (minimum),0,6,0%,10.83
wcag examples,0,6,0%,40.17
website wcag compliance audit,0,6,0%,82.5
convert to html,0,6,0%,88.83
wcag 2.2 success criterion 2.4.3 focus order,0,5,0%,8.2
w3c wcag 2.2 captions (prerecorded) success criterion 1.2.2,0,5,0%,8.4
w3c understanding wcag 2.2 focus appearance,0,5,0%,8.8
w3c use of color success criterion 1.4.1,0,5,0%,8.8
w3c wcag 2.2 success criterion 1.4.11 non-text contrast 3:1,0,5,0%,9
wcag 2.2 2.4.1 bypass blocks w3c,0,5,0%,9
wcag 2.2 1.4.8 visual presentation 80 characters per line,0,5,0%,9.4
wcag 2.2 captions (prerecorded) success criterion 1.2.2 w3c,0,5,0%,10.2
w3c accessibility updates,0,5,0%,10.6
wcag 2.2 language of page 3.1.1 w3c,0,5,0%,10.6
w3c wcag 2.2 contrast,0,5,0%,11
wcag wesite remediation providers,0,5,0%,49
wcag websites,0,5,0%,61.2
wcag 2.0 auditing,0,5,0%,75
human wcag testing,0,5,0%,79
wcag test,0,5,0%,95.4
wcag compliance wisestudio,0,5,0%,183.6
wcag 2.4.9 link purpose (link only) w3c,0,4,0%,8.5
understanding success criterion 3.3.1 error identification w3c wai,0,4,0%,9.25
wcag 2.2 success criterion 3.1.1 language of page w3c,0,4,0%,9.5
w3c wcag 2.2 1.4.1 use of color,0,4,0%,9.75
w3c wcag 2.2 focus visible,0,4,0%,9.75
wcag 2.2 1.2.1 audio-only and video-only (prerecorded) w3c,0,4,0%,10
wcag 2.2 success criterion 2.4.3 focus order understanding,0,4,0%,10
wcag 2.2 timing adjustable 2.2.1 w3c,0,4,0%,10
wcag 2.2.1 timing adjustable w3c,0,4,0%,10
w3c understanding success criterion 1.4.1 use of color,0,4,0%,10.25
understanding success criterion 2.4.12 focus not obscured (minimum) w3c,0,4,0%,10.5
wcag 2.2 use of color 1.4.1 w3c understanding,0,4,0%,10.5
understanding success criterion 1.4.1 use of color wcag,0,4,0%,10.75
understanding success criterion 2.4.2 page titled w3c,0,4,0%,11
w3c wcag 2.2 target size,0,4,0%,11
wcag 2.4.3 focus order understanding w3c,0,4,0%,11
wcag 2.4.1,0,4,0%,21
wcag 2.4.6,0,4,0%,27.75
wcag 3.0,0,4,0%,42.5
website accessibility statement example,0,4,0%,54.25
wcag check | wcag checker,0,4,0%,54.5
validator wcag,0,4,0%,56.75
manual wcag auditors,0,4,0%,57.25
wcag website compliance remediation,0,4,0%,57.25
accessibility page audit,0,4,0%,73.75
wcag operable,0,4,0%,79.5
image anonymization,0,4,0%,90.75
wcag compliance checker,0,4,0%,93.5
wcag accessibility testing,0,4,0%,94.75
robert glen myers,0,3,0%,5.33
darnell williams pete and pedro,0,3,0%,6
wcag 2.2 2.4.13 focus appearance (minimum) w3c,0,3,0%,7
wcag 2.2 consistent navigation success criterion,0,3,0%,7
darnell williams lawsuit,0,3,0%,7.33
wcag 2.2 success criterion 1.2.6 sign language (prerecorded),0,3,0%,8
wcag 2.2 success criterion 3.2.3 consistent navigation,0,3,0%,8
w3c wcag 2.2 focus appearance 2.4.13,0,3,0%,8.33
wcag 2.2 error identification 3.3.1 w3c understanding,0,3,0%,8.33
w3c understanding sc 1.2.2 captions (prerecorded),0,3,0%,8.67
wcag 2.2 use of color 1.4.1 guideline,0,3,0%,8.67
understanding success criterion 1.4.6 contrast (enhanced) w3c,0,3,0%,9
understanding success criterion 2.4.13 focus appearance (minimum) w3c,0,3,0%,9.67
understanding success criterion 1.2.2 captions (prerecorded) wai,0,3,0%,10
understanding success criterion 1.4.5 images of text wai,0,3,0%,10
wcag 2.2 1.4.1 use of color success criterion,0,3,0%,10
wcag 2.2 2.4.13 focus appearance w3c,0,3,0%,10
wcag 3.3.3 error suggestion w3c,0,3,0%,10.33
w3c 1.4.1 use of color,0,3,0%,10.67
wcag 2.2 focus appearance guidelines,0,3,0%,10.67
understanding success criterion 3.2.2 on input wai,0,3,0%,11
w3c understanding wcag 2.2 2.5.8 target size (minimum),0,3,0%,11
wcag 2.2 dragging movements understanding,0,3,0%,11
wcag 2.2 success criterion 1.4.1 use of color understanding,0,3,0%,11
doj uber lawsuit,0,3,0%,37
website accessibility policy template,0,3,0%,41.33
wcag web remediation,0,3,0%,46.67
text to html,0,3,0%,60.33
wcag 1.4.11,0,3,0%,61.67
manual wcag auditing,0,3,0%,62
accessibility tutorial,0,3,0%,66.33
w3c accessibility guidelines checklist,0,3,0%,68
web content accessibility validator,0,3,0%,72.67
accessible examples,0,3,0%,77.67
wcag 2.2 aa checklist,0,3,0%,78
wcag website,0,3,0%,81
wcag accessibility checker,0,3,0%,91
wcag accessibility,0,3,0%,98.67
darnell williams suing,0,2,0%,7
wcag 2.2 keyboard accessibility guidelines focus order,0,2,0%,7
darnell williams lawsuit ada,0,2,0%,8
wcag 2.2 focus appearance (minimum) 2.4.13 w3c,0,2,0%,8
wcag 2.2 focus appearance minimum 2.4.13 w3c,0,2,0%,8
wcag 2.2 consistent navigation 3.2.3,0,2,0%,8.5
w3c wcag 2.2 target size minimum,0,2,0%,9
wcag 2.2 captions (prerecorded) success criterion 1.2.2,0,2,0%,9
pete and pedro lawsuit,0,2,0%,9.5
understanding success criterion 2.4.3 focus order w3c wai,0,2,0%,9.5
understanding success criterion 3.3.3 error suggestion wai,0,2,0%,9.5
w3c wcag 2.2 captions (prerecorded) 1.2.2,0,2,0%,9.5
wcag 2.2 focus appearance minimum w3c,0,2,0%,9.5
"w3c understanding 2.2.2 pause, stop, hide",0,2,0%,10
w3c wcag 2.2 focus appearance,0,2,0%,10
w3c wcag 2.2 success criterion 1.4.11 non-text contrast,0,2,0%,10
wcag 2.2 2.2.1 timing adjustable w3c,0,2,0%,10
wcag 2.2 focus appearance 2.4.13 w3c,0,2,0%,10
wcag 2.2 headings and labels,0,2,0%,10
wcag 2.2 success criterion 1.2.2 captions (prerecorded),0,2,0%,10
wcag 2.2 success criterion 1.4.1 use of color not rely on color alone,0,2,0%,10
wcag 2.2 success criterion 2.4.1 bypass blocks,0,2,0%,10
wcag 2.2 understanding success criterion 1.4.1 use of color,0,2,0%,10
understanding success criterion 3.3.1 error identification wai,0,2,0%,10.5
w3c wcag 2.2 2.5.8 target size (minimum),0,2,0%,10.5
wcag 2.2 non-text contrast 3:1 w3c,0,2,0%,10.5
wcag 2.2 non-text contrast understanding,0,2,0%,10.5
w3c understanding 2.5.8 target size (minimum),0,2,0%,11
wcag 2.2 error suggestion 3.3.3 w3c,0,2,0%,11
wcag 2.2 target size 24x24,0,2,0%,11
w3c understanding success criterion 2.5.8 target size (minimum) wcag 2.2,0,2,0%,11.5
wcag 1.4.1 use of color w3c understanding,0,2,0%,11.5
focus order wcag,0,2,0%,16
wcag 1.4.5,0,2,0%,28.5
w3c accessibility standards,0,2,0%,34.5
wcag compliance remediation,0,2,0%,49
wcag remediation,0,2,0%,51.5
wcag aa compliance checker,0,2,0%,54.5
wcag disclosure button,0,2,0%,55
accessibility blogs,0,2,0%,57
accessible error message red of fields,0,2,0%,58
wcag testing tool,0,2,0%,60.5
wcag 2.0 contrast checker,0,2,0%,61.5
accessible example,0,2,0%,67
wcag accessibility audit,0,2,0%,67
wcag compliance testing tools,0,2,0%,68
wcag 2.2 audit,0,2,0%,71
website accessibility statement template,0,2,0%,72
wcag aa checker,0,2,0%,75.5
wcag website compliance audit,0,2,0%,76.5
w3c guidelines for website accessibility,0,2,0%,78.5
webaim wcag 2.2 checklist,0,2,0%,82.5
anonymizer free,0,2,0%,83.5
wcag 2.1 checklist excel,0,2,0%,85
wcag audit services,0,2,0%,85
accessible buttons,0,2,0%,86
web accessibility audit,0,2,0%,90.5
ada compliance checker,0,2,0%,91.5
accessibility examples,0,2,0%,92.5
wcag contrast requirements,0,2,0%,94
accessibility checker,0,2,0%,97
accordion css,0,1,0%,1
wcag minimum touch target size,0,1,0%,3
darnell williams lawsuits,0,1,0%,4
w3c wcag 2.2 success criterion 2.5.8 target size (minimum),0,1,0%,5
w3c wcag 2.2 target size success criterion 2.5.8,0,1,0%,6
wacg3,0,1,0%,6
wcag 2.2 keyboard accessibility focus order guidelines,0,1,0%,6
"understanding success criterion 1.2.1 audio-only and video-only 
(prerecorded)",0,1,0%,7
understanding success criterion 1.2.2 captions (prerecorded) w3c wai,0,1,0%,7
understanding success criterion 1.4.8 visual presentation w3c,0,1,0%,7
understanding sc 2.4.13 focus appearance wcag 2.2,0,1,0%,8
w3c wcag captions success criterion 1.2.2,0,1,0%,8
wcag 2.2 3.1.1 language of page,0,1,0%,8
wcag 2.2 focus appearance understanding,0,1,0%,8
wcag 2.2 language of page 3.1.1,0,1,0%,8
darnell williams ada compliant,0,1,0%,9
error identification wcag,0,1,0%,9
panama jack,0,1,0%,9
understanding success criterion 2.2.1 timing adjustable w3c,0,1,0%,9
understanding success criterion 2.5.7 dragging movements wcag 2.2,0,1,0%,9
w3c accessibility update,0,1,0%,9
w3c understanding success criterion 1.4.6 contrast (enhanced),0,1,0%,9
w3c understanding success criterion 3.1.1 language of page,0,1,0%,9
w3c wcag 2.2 target size (minimum) 2.5.8,0,1,0%,9
wcag 1.2.2 captions (prerecorded) w3c,0,1,0%,9
wcag 2.2 captions success criteria 1.2.2,0,1,0%,9
wcag 2.2 focus appearance aa,0,1,0%,9
wcag 2.2 focus order guideline 2.4.3,0,1,0%,9
wcag 2.2 success criterion 1.4.5 images of text,0,1,0%,9
wcag 2.2 understanding 2.4.3 focus order,0,1,0%,9
darnell williams ada lawsuit,0,1,0%,10
understanding success criterion 1.2.2 captions (prerecorded) wcag 2.2,0,1,0%,10
understanding success criterion 1.4.11 non-text contrast w3c wai,0,1,0%,10
"understanding success criterion 2.2.2 pause, stop, hide w3c wai",0,1,0%,10
understanding success criterion 2.2.6 timeouts wcag 2.2,0,1,0%,10
understanding success criterion 2.4.13 focus appearance,0,1,0%,10
understanding success criterion 2.4.3 focus order wai,0,1,0%,10
understanding wcag 2.2 focus appearance 2.4.13,0,1,0%,10
w3c success criterion 1.4.1 use of color,0,1,0%,10
"w3c understanding sc 2.2.2 pause, stop, hide",0,1,0%,10
w3c wcag 1.4.1 use of color understanding,0,1,0%,10
w3c wcag 2.2 2.5.8 target size (minimum) 24 by 24 css pixels,0,1,0%,10
w3c wcag 2.2 focus visible guideline,0,1,0%,10
w3c wcag 2.2 target size 2.5.8,0,1,0%,10
w3c wcag captions 1.2.2,0,1,0%,10
w3c wcag captions prerecorded 1.2.2,0,1,0%,10
w3c wcag focus order 2.4.3,0,1,0%,10
w3c wcag news today,0,1,0%,10
wcag 2.2 1.4.5 images of text w3c,0,1,0%,10
wcag 2.2 3.2.3 consistent navigation,0,1,0%,10
wcag 2.2 contrast (enhanced) 1.4.6 w3c,0,1,0%,10
wcag 2.2 dragging movements,0,1,0%,10
wcag 2.2 focus not obscured w3c,0,1,0%,10
wcag 2.2 focus visible enhanced 2.4.13,0,1,0%,10
wcag 2.2 focus visible requirement,0,1,0%,10
wcag 2.2 focus visible w3c,0,1,0%,10
wcag 2.2 use of color success criterion 1.4.1 do not rely on color alone,0,1,0%,10
wcag 3.0 status 2025 draft,0,1,0%,10
low tech toy club llc,0,1,0%,11
w3c link purpose in context wcag 2.2,0,1,0%,11
w3c understanding 1.4.1 use of color,0,1,0%,11
w3c understanding success criterion 1.4.11 non-text contrast wcag 2.2,0,1,0%,11
w3c understanding success criterion 1.4.6 contrast (enhanced) 7:1,0,1,0%,11
w3c wcag 2.2 1.4.11 non-text contrast,0,1,0%,11
w3c wcag 2.2 contrast ratio requirements,0,1,0%,11
wcag 2.2 1.4.1 use of color w3c understanding,0,1,0%,11
wcag 2.2 focus appearance 2.4.13 understanding,0,1,0%,11
wcag 2.2 focus appearance criterion,0,1,0%,11
wcag 2.2 success criterion 1.2.1 audio-only and video-only (prerecorded),0,1,0%,11
wcag 2.2 success criterion 1.4.1 use of color guidance,0,1,0%,11
wcag 2.2 success criterion 1.4.1 use of color w3c understanding,0,1,0%,11
wcag 2.2 target size minimum w3c,0,1,0%,11
wcag 2.2 use of color 1.4.1,0,1,0%,11
wcag use of color success criterion 1.4.1 understanding,0,1,0%,11
w3c wcag 2.2 target size minimum 2.5.8,0,1,0%,12
w3c wcag 2.2 target size success criterion,0,1,0%,12
wcag 2.2 focus appearance (minimum),0,1,0%,12
wcag 2.2 focus appearance success criterion,0,1,0%,12
wcag 2.2 focus order success criterion 2.4.3,0,1,0%,12
wcag 2.2 target size minimum 24 css pixels w3c,0,1,0%,12
wcag 2.5.8 target size (minimum) w3c understanding,0,1,0%,12
wcag 2.5.8 target size minimum w3c,0,1,0%,12
wcag 3.1.3,0,1,0%,15
1.4.1 use of color,0,1,0%,18
wcag 2.2 success criterion 2.5.7 dragging movements understanding,0,1,0%,26
wcag error suggestion,0,1,0%,27
wcag services,0,1,0%,32
w3c accessibility,0,1,0%,33
w3c accessibility guidelines,0,1,0%,36
2.4.6 headings and labels,0,1,0%,37
anonymizer free online,0,1,0%,46
wcag 3.0 release date,0,1,0%,48
wcag heading structure,0,1,0%,49
doj sues uber,0,1,0%,52
wcag for mobile,0,1,0%,52
wcag non-text contrast,0,1,0%,54
wcag standards checker,0,1,0%,54
wcage website auditing,0,1,0%,55
wcag non text contrast,0,1,0%,56
wcag 2.4 2,0,1,0%,58
wcag compliance testing,0,1,0%,62
wcag 2.2 non-text contrast 1.4.11 3:1,0,1,0%,63
3.2 3,0,1,0%,64
web accessibility guidelines w3c,0,1,0%,65
photo anonymizer,0,1,0%,66
wcag links,0,1,0%,67
modal accessibility best practices,0,1,0%,69
wcag 2.2 checklist pdf,0,1,0%,69
wcag 2.2 level aa checklist,0,1,0%,70
wcag list,0,1,0%,70
website accessibility testing checklist,0,1,0%,73
tap targets are not sized appropriately,0,1,0%,74
wcag accessibility test,0,1,0%,76
html content to markdown,0,1,0%,77
accessibility testing tutorial,0,1,0%,78
wcag 1.4.11 non-text contrast 3:1 ui components,0,1,0%,82
web accessibility testing checklist,0,1,0%,84
wcag website tester,0,1,0%,85
wcag 3,0,1,0%,86
web accessibility examples,0,1,0%,87
accessibility checklists,0,1,0%,89
accessible drag and drop,0,1,0%,89
2.2 1,0,1,0%,90
accessible form validation,0,1,0%,90
wcag 2.2 checker,0,1,0%,91
wcag tool,0,1,0%,91
wcag validator,0,1,0%,92
website accessibility audit,0,1,0%,92
convert plain text to html,0,1,0%,93
generate html from text,0,1,0%,95
operable,0,1,0%,95
reframing disability,0,1,0%,95
wcag chrome extension,0,1,0%,95
accessibility audit,0,1,0%,96
dialogs,0,1,0%,96
how to conduct an accessibility audit,0,1,0%,96
html to markdown,0,1,0%,96
wcag 2.2 aa,0,1,0%,97
accessibility audits,0,1,0%,99
sample accessibility statement,0,1,0%,99
wcag tester,0,1,0%,99
aa accessibility,0,1,0%,100
plain text to html,0,1,0%,100
w3c accessibility checker,0,1,0%,100
accessibility and security compliance,0,1,0%,102
web accessibility checker,0,1,0%,117
inpainting ai,0,1,0%,173
wcag compliance services,0,1,0%,197
accessibility++contact,0,1,0%,371